State,Latitude,Longitude
AK,61.370716,-152.404419
AL,32.806671,-86.79113
AR,33.729759,-111.431221
AZ,34.969704,-92.373123
CA,36.116203,-119.681564
CO,39.059811,-105.311104
CT,41.597782,-72.755371
DC,39.318523,-75.507141
FL,38.897438,-77.026817
GA,27.766279,-81.686783
HI,33.040619,-83.643074
IA,21.094318,-157.498337
ID,44.240459,-114.478828
IL,40.349457,-88.986137
IN,39.849426,-86.258278
KS,38.5266,-96.726486
KY,37.66814,-84.670067
LA,31.169546,-91.867805
MA,42.230171,-71.530106
MD,39.063946,-76.802101
MI,43.326618,-84.536095
MN,45.694454,-93.900192
MO,38.456085,-92.288368
MS,32.741646,-89.678696
MT,46.921925,-110.454353
NC,35.630066,-79.806419
ND,47.528912,-99.784012
NE,41.12537,-98.268082
NJ,40.298904,-74.521011
NM,34.840515,-106.248482
NV,38.313515,-117.055374
NY,42.165726,-74.948051
OH,40.388783,-82.764915
OK,35.565342,-96.928917
OR,44.572021,-122.070938
PA,40.590752,-77.209755
RI,41.680893,-71.51178
SC,33.856892,-80.945007
SD,44.299782,-99.438828
TN,35.747845,-86.692345
TX,31.054487,-97.563461
UT,40.150032,-111.862434
VA,37.769337,-78.169968
VT,44.045876,-72.710686
WA,47.400902,-121.490494
WI,44.268543,-89.616508
